02L = 02L <02L@libavg.de>
artcom = artcom <artcom@libavg.de>
benediktseidl = benediktseidl <benediktseidl@libavg.de>
coder = coder <coder@libavg.de>
dysman = dysman <dysman@libavg.de>
erlehmann = erlehmann <erlehmann@libavg.de>
flow = flow <flow@libavg.de>
frederic = frederic <frederic@libavg.de>
hch = hch <hch@libavg.de>
hch23 = hch23 <hch23@libavg.de>
hebnern = hebnern <hebnern@libavg.de>
hf = hf <hf@libavg.de>
hth = hth <hth@libavg.de>
igor = igor <igor@libavg.de>
jan = jan <jan@libavg.de>
jeedi = jeedi <jeedi@libavg.de>
jw = jw <jw@libavg.de>
kaloyan = kaloyan <kaloyan@libavg.de>
kth = kth <kth@libavg.de>
lynxis = lynxis <lynxis@libavg.de>
mh = mh <mh@libavg.de>
michael = michael <michael@libavg.de>
mku = mku <mku@libavg.de>
mtc = mtc <mtc@libavg.de>
ng = ng <ng@libavg.de>
oxullo = oxullo <oxullo@libavg.de>
pascal = pascal <pascal@libavg.de>
richy = klemmster <richy@coding-reality.de>
robert = robert <robert@libavg.de>
ron = ron <ron@libavg.de>
root = root <root@libavg.de>
scotty = scotty <scotty@libavg.de>
sm = sm <sm@libavg.de>
tbo = tbo <tbo@libavg.de>
uhertlein = uhertlein <uhertlein@libavg.de>
uzadow = uzadow <uzadow@libavg.de>
(no author) = no_author <no_author@no_author>
